{"_wandb":{"runtime":1},"_timestamp":1.7375592834193559e+09,"_runtime":1.117253,"_step":7,"acc":0.8837950100188663,"loss":0.07638733126837682}